amfi_code,CAGR_1Y,CAGR_3Y,CAGR_5Y,sharpe_ratio,alpha,max_drawdown,worst_date,expense_ratio_pct,return_rank,sharpe_rank,alpha_rank,expense_rank,drawdown_rank,fund_score
102886,-16.211444869700763,-0.7391613158953203,,-0.2058316078547032,0.00011488284840666938,-0.2800112356639287,2026-04-27,1.51,37.0,36.0,40.0,24.5,35.0,35.275000000000006
100016,-2.1402903486672065,1.2445994939421334,,-0.20151706755966942,0.00014373529486741486,-0.24734440880673303,2022-09-15,1.55,35.0,35.0,39.0,32.0,34.0,35.25
119095,-41.56498736081507,-11.298787971621705,,-0.07597357117478916,0.00018126939578323086,-0.5167775370852656,2026-05-11,1.38,40.0,33.0,37.0,17.0,39.0,34.1
101207,-23.186163162130335,-4.002093178088584,,0.1626607692864677,0.00042938742211733413,-0.3544691649336603,2026-05-11,1.53,39.0,28.0,27.0,28.5,38.0,32.175
119092,1.5472292800278176,0.506410336429286,,0.030784850954585923,0.0002765954867408896,-0.1440161790933726,2025-02-07,1.64,36.0,31.0,30.0,39.5,15.0,31.974999999999998
119599,13.381345873925277,-1.2882996299400817,,-0.057186625828179925,0.00020068370068686959,-0.5257422117012851,2025-10-28,0.72,38.0,32.0,36.0,5.5,40.0,31.424999999999997
120842,21.556668146960554,7.459051034615816,,0.07599984804658923,0.00031185120325687973,-0.24003511326274884,2024-10-17,1.56,28.0,30.0,29.0,33.0,33.0,29.950000000000003
100025,3.5610696428827415,3.769015761043071,,-0.5670947928476845,0.00017138732361138753,-0.04308263824636349,2023-07-28,0.56,34.0,39.0,38.0,2.0,4.0,28.25
101208,6.951057052080989,6.0755167621195705,,-0.8155673679088261,0.00024143686080588006,-0.0016224980244717857,2023-09-12,0.79,31.0,40.0,33.0,11.0,3.0,27.849999999999998
119120,5.305739305375479,5.6186515164248885,,-0.22657538662791585,0.0002212797872827009,-0.04328728923970093,2025-04-01,0.77,32.0,37.0,34.0,9.0,5.0,27.500000000000004
118636,10.036522012510929,3.909241240919248,,-0.3566295075143679,0.00020223343101375267,-0.08316361763638702,2024-02-09,0.55,33.0,38.0,35.0,1.0,6.0,27.15
118634,15.16417833418604,7.700989417149118,,0.4484340089089914,0.0007063568499581304,-0.2334488614483311,2026-02-20,1.53,27.0,26.0,17.0,28.5,32.0,25.474999999999998
120841,16.145220634042047,16.57924982681238,,0.4942725378672353,0.0005185794807405159,-0.1757361416468729,2025-02-14,1.59,22.0,24.0,25.0,35.0,24.0,25.25
120844,6.839470223790256,6.440807204457721,,-0.08874729621557284,0.0002561349851087247,-0.0011629327956168556,2024-04-30,0.6,30.0,34.0,32.0,3.0,2.0,24.549999999999997
125498,14.812657529198159,10.808126685493423,,0.30061192104254764,0.0004783896755380531,-0.21117279560132118,2025-09-12,0.78,26.0,27.0,26.0,10.0,29.0,24.15
149322,17.363137855877998,17.322998505102905,,0.46403744922047724,0.0005210269898680515,-0.14844576917771746,2022-02-04,1.54,21.0,25.0,24.0,30.5,16.0,23.525000000000002
102887,13.032318413527744,24.504995437428235,,0.6195175900829826,0.0006420334888277658,-0.21539827112383225,2022-07-04,1.64,13.0,22.0,21.0,39.5,30.0,22.525000000000002
119093,18.945029829943792,19.975681528557022,,0.1296144979566932,0.0003305534309713184,-0.21751396370148224,2023-05-22,0.75,16.0,29.0,28.0,8.0,31.0,21.950000000000003
120507,7.131782819276045,7.111635011762973,,0.49572339295331247,0.0002677453251139287,-0.0009773140045925555,2025-10-20,0.74,29.0,23.0,31.0,7.0,1.0,21.8
120506,39.94041933796997,17.6845877347511,,0.6488787755249537,0.0006461763978575698,-0.1982565826298267,2023-08-14,1.41,20.0,20.0,20.0,19.0,27.0,20.55
120503,8.152215287087339,13.428793488877178,,0.7979728586052853,0.0006979343340713815,-0.13897862823061635,2023-11-09,1.42,25.0,17.0,18.0,20.0,14.0,19.75
148568,13.689107965575475,14.166348167302957,,0.9262873467360144,0.000825068055720899,-0.1527259422823477,2024-01-24,1.52,24.0,15.0,14.0,26.5,19.0,19.625
102885,19.366222647686236,18.876151419397846,,0.8170993373494365,0.0006743140858963993,-0.1085986215250232,2022-03-29,1.57,18.0,16.0,19.0,34.0,7.0,18.999999999999996
118633,24.45482809992243,20.23695135100587,,0.6452074382933211,0.0006152290192744244,-0.18629743138595511,2024-02-29,0.72,15.0,21.0,22.0,5.5,26.0,17.575
118635,21.54833456704246,19.202314412666045,,0.6648569985490616,0.000601612195525452,-0.1165062450540909,2022-06-09,0.89,17.0,19.0,23.0,13.0,10.0,17.4
125497,27.44305456632288,17.69654338000204,,0.775790249821121,0.0007099724426387859,-0.15200013055606398,2025-01-01,0.92,19.0,18.0,16.0,14.0,18.0,17.299999999999997
119552,5.482448166686016,15.621784755976687,,0.9532794968660094,0.0007868792890355632,-0.11803493502764295,2024-09-02,0.66,23.0,12.0,15.0,4.0,11.0,14.599999999999998
118632,32.493443741776076,21.73066181637049,,1.0816591793457035,0.0008622223372597514,-0.17414075086657232,2024-07-19,1.51,14.0,8.0,11.0,24.5,23.0,14.375
149324,62.00710718376754,25.883943330562165,,0.9497958246616028,0.0011832392524689355,-0.31171900300634214,2025-01-03,1.52,10.0,13.0,2.0,26.5,37.0,14.325
149323,20.582313615268856,25.759428151387297,,1.132121852474724,0.0010549042933042168,-0.17248105753451382,2022-10-24,1.61,11.0,6.0,8.0,38.0,22.0,14.3
119598,78.61683425540309,25.568431449174977,,0.9453082575156093,0.0011948931607958485,-0.2870600572176455,2025-05-14,1.43,12.0,14.0,1.0,21.0,36.0,14.049999999999999
101206,45.72999736945471,27.761344941742028,,1.0272133278753697,0.0008489846710965506,-0.11291596329323073,2023-07-05,1.6,9.0,9.0,12.0,36.5,9.0,13.725
148569,37.977827454267185,27.96284072275892,,1.2349300257743294,0.001124895036340923,-0.1639674294693263,2023-10-20,1.6,8.0,3.0,4.0,36.5,21.0,11.525
119551,57.56848841923501,29.18145991652894,,1.2082665673727175,0.0009214186250672951,-0.1501238549864533,2024-02-05,1.54,6.0,4.0,10.0,30.5,17.0,11.075
119094,21.326750293349406,33.61804922735321,,0.9982309868636414,0.0010316334246338774,-0.20960883862039192,2022-08-11,1.38,1.0,11.0,9.0,17.0,28.0,10.2
120504,12.5356431533042,31.11766658791899,,1.0265242847992997,0.0008416428299955052,-0.12588275606922517,2023-05-30,0.8,3.0,10.0,13.0,12.0,12.0,9.0
100033,50.75653358780363,31.07480621658334,,1.0936987435346315,0.0010807271543550536,-0.16217208574644848,2022-05-12,1.38,4.0,7.0,6.0,17.0,20.0,8.7
120843,25.519824058631492,28.348105787785727,,1.3067439695428409,0.0010824752275022664,-0.1297396816518679,2022-04-13,1.45,7.0,2.0,5.0,22.0,13.0,8.200000000000001
120505,28.328204567572858,30.441001673525058,,1.1801011976606492,0.001162754076487986,-0.18188513572116294,2025-01-23,1.36,5.0,5.0,3.0,15.0,25.0,8.1
148567,19.51232472805533,32.5598690010058,,1.4482911703262595,0.001075994731586595,-0.11265729075028275,2023-10-20,1.46,2.0,1.0,7.0,23.0,8.0,6.499999999999999
